fig	hash	detector	severity	detail
rejonowy_2014-2015_malopolskie_q14_fig1.png	84692633	image-clipped	high	1925px of the figure image lies outside the box (44px overshoot)
rejonowy_2022_lubelskie_q6_fig1.png	890a5740	image-clipped	high	870px of the figure image lies outside the box (117px overshoot)
szkolny_2017_podkarpackie_q19_fig1.png	db2c37a6	image-clipped	high	470px of the figure image lies outside the box (341px overshoot)
szkolny_2019_kujawsko-pomorskie_q7_fig1.png	1b4833e7	image-clipped	high	1525px of the figure image lies outside the box (28px overshoot)
szkolny_2020-2021_pomorskie_q1_fig1.png	c1e769fd	image-clipped	high	377px of the figure image lies outside the box (29px overshoot)
szkolny_2025_podlaskie_q24_fig1.png	da7490ed	image-clipped	high	629px of the figure image lies outside the box (29px overshoot)
wojewodzki_2012-2013_slaskie_q9_fig1.png	ca61d51c	image-clipped	high	641px of the figure image lies outside the box (18px overshoot)
wojewodzki_2014-2015_malopolskie_q12_fig1.png	7332d984	image-clipped	high	1240px of the figure image lies outside the box (41px overshoot)
wojewodzki_2014-2015_malopolskie_q7_fig1.png	e2d1d201	image-clipped	high	1394px of the figure image lies outside the box (70px overshoot)
wojewodzki_2020_mazowieckie_q8_fig1.png	c9ffed7d	image-clipped	high	375px of the figure image lies outside the box (14px overshoot)
wojewodzki_2020_podkarpackie_q15_fig1.png	c166e94c	image-clipped	high	258px of the figure image lies outside the box (34px overshoot)
wojewodzki_2022-2023_malopolskie_q15_fig1.png	4de35b18	image-clipped	high	305px of the figure image lies outside the box (35px overshoot)
wojewodzki_2023-2024_slaskie_q1_fig2.png	90cee0dd	image-clipped	high	630px of the figure image lies outside the box (32px overshoot)
wojewodzki_2024-2025_slaskie_q17_fig1.png	19a42c92	image-clipped	high	2864px of the figure image lies outside the box (47px overshoot)
wojewodzki_2025_kujawsko-pomorskie_q4_fig1.png	55345ba1	image-clipped	high	3379px of the figure image lies outside the box (18px overshoot)
rejonowy_2020_podlaskie_q6_fig1.png	ff66f7e6	label-straddles-edge	high	'F' 88% inside
rejonowy_2022_podlaskie_q27_fig1.png	f1ebd535	label-straddles-edge	high	'(patrz' 11% inside
szkolny_2014_podlaskie_sp_q12_fig1.png	560bec22	label-straddles-edge	high	'10' 80% inside
szkolny_2020_kujawsko-pomorskie_q16_fig1.png	856ebd9b	label-straddles-edge	high	'𝑎' 79% inside
szkolny_2021_lodzkie_q6_fig1.png	258a1d63	label-straddles-edge	high	'4 cm' 80% inside
szkolny_2021_lodzkie_q6_fig1.png	258a1d63	label-straddles-edge	high	'3cm' 36% inside
szkolny_2021_lodzkie_q6_fig1.png	258a1d63	label-straddles-edge	high	'2cm                                                                                 6cm' 83% inside
szkolny_2021_lodzkie_q6_fig1.png	258a1d63	label-straddles-edge	high	'2cm' 83% inside
szkolny_2021_lodzkie_q6_fig1.png	258a1d63	label-straddles-edge	high	'10cm' 71% inside
wojewodzki_2011_podkarpackie_q6_fig1.png	d42fefd8	label-straddles-edge	high	'1                    2                             3' 73% inside
wojewodzki_2012_podlaskie_sp_q9_fig1.png	07e8286f	label-straddles-edge	high	'1m' 16% inside
wojewodzki_2013_podlaskie_gim_q8_fig1.png	e4987214	label-straddles-edge	high	'1' 72% inside
wojewodzki_2013_podlaskie_gim_q8_fig1.png	e4987214	label-straddles-edge	high	'x' 77% inside
wojewodzki_2018-2019_slaskie_q1_fig1.png	44c3ad4c	label-straddles-edge	high	'h)' 17% inside
wojewodzki_2019_podkarpackie_q6_fig1.png	8212fead	label-straddles-edge	high	'I                                II' 55% inside
wojewodzki_2019_podkarpackie_q9_fig1.png	2544fe14	label-straddles-edge	high	'S' 72% inside
wojewodzki_2019_podlaskie_q12_fig1.png	a56c8e7d	label-straddles-edge	high	'\uf03d' 84% inside
wojewodzki_2019_podlaskie_q21_fig1.png	0021c7c4	label-straddles-edge	high	'k' 87% inside
wojewodzki_2022_lubuskie_q20_fig1.png	56f3f378	label-straddles-edge	high	'I.' 87% inside
wojewodzki_2022_lubuskie_q20_fig1.png	56f3f378	label-straddles-edge	high	'II.' 87% inside
wojewodzki_2022_lubuskie_q20_fig1.png	56f3f378	label-straddles-edge	high	'III.' 87% inside
rejonowy_2020_podkarpackie_q6_fig1.png	b10db80c	no-quantity	high	quantitative choices, no number in prompt or figure
rejonowy_2024_dolnoslaskie_q3_fig1.png	050e2258	no-quantity	high	quantitative choices, no number in prompt or figure
rejonowy_2025_kujawsko-pomorskie_q7_fig1.png	446a0617	no-quantity	high	quantitative choices, no number in prompt or figure
rejonowy_2026_dolnoslaskie_q2_fig1.png	9943cace	no-quantity	high	quantitative choices, no number in prompt or figure
szkolny_2020_podkarpackie_q12_fig1.png	296ff1d7	no-quantity	high	quantitative choices, no number in prompt or figure
szkolny_2020_podlaskie_q15_fig1.png	d9104dde	no-quantity	high	quantitative choices, no number in prompt or figure
szkolny_2021_dolnoslaskie_q2_fig1.png	9163795a	no-quantity	high	quantitative choices, no number in prompt or figure
szkolny_2024_podlaskie_q5_fig1.png	3344d087	no-quantity	high	quantitative choices, no number in prompt or figure
wojewodzki_2015_podlaskie_gim_q11_fig1.png	3f132fcb	no-quantity	high	quantitative choices, no number in prompt or figure
wojewodzki_2019_podkarpackie_q9_fig1.png	2544fe14	no-quantity	high	quantitative choices, no number in prompt or figure
rejonowy_2010_podkarpackie_gim_q7_fig1.png	8b278cd8	stranded-label	high	'3' 79px outside touching the figure image
rejonowy_2010_podkarpackie_gim_q7_fig1.png	8b278cd8	stranded-label	high	'9' 79px outside touching the figure image
rejonowy_2012-2013_slaskie_q17_fig1.png	20416ca7	stranded-label	high	'Stolica' 35px outside touching the figure image
rejonowy_2012_podkarpackie_q13_fig1.png	31383916	stranded-label	high	'C: 70 g' 31px outside touching the figure image
rejonowy_2012_podkarpackie_q13_fig1.png	31383916	stranded-label	high	'D: 60 g' 31px outside touching the figure image
rejonowy_2014-2015_malopolskie_q11_fig1.png	8371a06f	stranded-label	high	')3' 40px outside touching the figure image
rejonowy_2014-2015_malopolskie_q11_fig1.png	8371a06f	stranded-label	high	'(' 40px outside touching the figure image
rejonowy_2014-2015_malopolskie_q11_fig1.png	8371a06f	stranded-label	high	'10' 40px outside touching the figure image
rejonowy_2014-2015_malopolskie_q11_fig1.png	8371a06f	stranded-label	high	')' 40px outside touching the figure image
rejonowy_2014-2015_malopolskie_q11_fig1.png	8371a06f	stranded-label	high	'2' 40px outside touching the figure image
rejonowy_2014-2015_malopolskie_q11_fig1.png	8371a06f	stranded-label	high	'(' 40px outside touching the figure image
rejonowy_2014-2015_malopolskie_q11_fig1.png	8371a06f	stranded-label	high	'8' 40px outside touching the figure image
rejonowy_2014-2015_malopolskie_q11_fig1.png	8371a06f	stranded-label	high	'\uf02d' 36px outside touching the figure image
rejonowy_2014-2015_malopolskie_q11_fig1.png	8371a06f	stranded-label	high	'\uf03d' 36px outside touching the figure image
rejonowy_2014-2015_malopolskie_q11_fig1.png	8371a06f	stranded-label	high	'\uf02b' 36px outside touching the figure image
rejonowy_2014-2015_malopolskie_q11_fig1.png	8371a06f	stranded-label	high	'x' 40px outside touching the figure image
rejonowy_2014-2015_malopolskie_q11_fig1.png	8371a06f	stranded-label	high	'x' 40px outside touching the figure image
rejonowy_2014-2015_malopolskie_q11_fig1.png	8371a06f	stranded-label	high	')3' 85px outside touching the figure image
rejonowy_2014-2015_malopolskie_q11_fig1.png	8371a06f	stranded-label	high	'(5' 85px outside touching the figure image
rejonowy_2014-2015_malopolskie_q11_fig1.png	8371a06f	stranded-label	high	')' 85px outside touching the figure image
rejonowy_2014-2015_malopolskie_q11_fig1.png	8371a06f	stranded-label	high	'2' 85px outside touching the figure image
rejonowy_2014-2015_malopolskie_q11_fig1.png	8371a06f	stranded-label	high	'(' 85px outside touching the figure image
rejonowy_2014-2015_malopolskie_q11_fig1.png	8371a06f	stranded-label	high	'4' 85px outside touching the figure image
rejonowy_2014-2015_malopolskie_q11_fig1.png	8371a06f	stranded-label	high	'\uf02d' 81px outside touching the figure image
rejonowy_2014-2015_malopolskie_q11_fig1.png	8371a06f	stranded-label	high	'\uf03d' 81px outside touching the figure image
rejonowy_2014-2015_malopolskie_q11_fig1.png	8371a06f	stranded-label	high	'\uf02b' 81px outside touching the figure image
rejonowy_2014-2015_malopolskie_q11_fig1.png	8371a06f	stranded-label	high	'x' 85px outside touching the figure image
rejonowy_2014-2015_malopolskie_q11_fig1.png	8371a06f	stranded-label	high	'x' 85px outside touching the figure image
rejonowy_2014-2015_malopolskie_q14_fig1.png	84692633	stranded-label	high	'okręgu.' 91px outside touching the figure image
rejonowy_2015-2016_malopolskie_q10_fig1.png	f46381c5	stranded-label	high	'str. 4' 93px outside touching the figure image
rejonowy_2015_podlaskie_gim_q13_fig1.png	1aa0a911	stranded-label	high	'π' 66px outside touching the figure image
rejonowy_2015_podlaskie_gim_q13_fig1.png	1aa0a911	stranded-label	high	'10  cm2' 61px outside touching the figure image
rejonowy_2016-2017_malopolskie_q3_fig1.png	0be188ec	stranded-label	high	'\uf0b0' 39px outside touching the figure image
rejonowy_2016-2017_malopolskie_q3_fig1.png	0be188ec	stranded-label	high	'70' 42px outside touching the figure image
rejonowy_2016-2017_malopolskie_q3_fig1.png	0be188ec	stranded-label	high	'\uf0b0' 39px outside touching the figure image
rejonowy_2016-2017_malopolskie_q3_fig1.png	0be188ec	stranded-label	high	'50' 42px outside touching the figure image
rejonowy_2016-2017_malopolskie_q3_fig1.png	0be188ec	stranded-label	high	'40' 95px outside touching the figure image
rejonowy_2017-2018_malopolskie_q3_fig1.png	3318d7a4	stranded-label	high	'\uf0b0' 20px outside touching the figure image
rejonowy_2017-2018_malopolskie_q3_fig1.png	3318d7a4	stranded-label	high	'52' 23px outside touching the figure image
rejonowy_2017-2018_malopolskie_q3_fig1.png	3318d7a4	stranded-label	high	'\uf0b0' 20px outside touching the figure image
rejonowy_2017-2018_malopolskie_q3_fig1.png	3318d7a4	stranded-label	high	'64' 23px outside touching the figure image
rejonowy_2019-2020_slaskie_q9_fig1.png	606361df	stranded-label	high	'I' 78px outside touching the figure image
rejonowy_2019_lubuskie_q17_fig1.png	f55b3d5e	stranded-label	high	'a) o 100%' 86px outside touching the figure image
rejonowy_2019_lubuskie_q17_fig1.png	f55b3d5e	stranded-label	high	'b)  o 75%' 86px outside touching the figure image
rejonowy_2019_lubuskie_q17_fig1.png	f55b3d5e	stranded-label	high	'c) o 60%' 84px outside touching the figure image
rejonowy_2019_lubuskie_q17_fig1.png	f55b3d5e	stranded-label	high	'd)  o 50%' 84px outside touching the figure image
rejonowy_2019_lubuskie_q26_fig1.png	90d565c5	stranded-label	high	'c) 2,5π' 75px outside touching the figure image
rejonowy_2019_lubuskie_q26_fig1.png	90d565c5	stranded-label	high	'd) 1,25π' 88px outside touching the figure image
rejonowy_2019_lubuskie_q28_fig1.png	b6755289	stranded-label	high	'c) 18' 86px outside touching the figure image
rejonowy_2020-2021_pomorskie_q2_fig1.png	aa7d2920	stranded-label	high	'z' 14px outside touching the figure image
rejonowy_2020_lubuskie_q11_fig1.png	c06a830f	stranded-label	high	'c) trapez' 21px outside touching the figure image
rejonowy_2020_lubuskie_q11_fig1.png	c06a830f	stranded-label	high	'd)  romb' 21px outside touching the figure image
rejonowy_2020_lubuskie_q23_fig1.png	25e39cd7	stranded-label	high	'c) 8,75' 26px outside touching the figure image
rejonowy_2020_lubuskie_q23_fig1.png	25e39cd7	stranded-label	high	'd) 4,25' 100px outside touching the figure image
rejonowy_2020_podkarpackie_q9_fig1.png	3194e011	stranded-label	high	'Wskaż zdanie fałszywe.' 32px outside touching the figure image
rejonowy_2020_podlaskie_q19_fig1.png	dafd3a3b	stranded-label	high	'3' 45px outside touching the figure image
rejonowy_2020_podlaskie_q19_fig1.png	dafd3a3b	stranded-label	high	'125' 43px outside touching the figure image
rejonowy_2020_podlaskie_q19_fig1.png	dafd3a3b	stranded-label	high	',0' 43px outside touching the figure image
rejonowy_2021-2022_malopolskie_q12_fig1.png	61854ca3	stranded-label	high	'E.  2160°' 36px outside touching the figure image
rejonowy_2021-2022_pomorskie_q2_fig1.png	97d60411	stranded-label	high	'\x01' 4px outside touching the figure image
rejonowy_2022-2023_swietokrzyskie_q9_fig1.png	bb7d015e	stranded-label	high	'P' 27px outside touching the figure image
rejonowy_2022-2023_swietokrzyskie_q9_fig1.png	bb7d015e	stranded-label	high	'F' 27px outside touching the figure image
rejonowy_2023-2024_swietokrzyskie_q8_fig1.png	419aab80	stranded-label	high	'1' 11px outside touching the figure image
rejonowy_2023-2024_swietokrzyskie_q8_fig1.png	419aab80	stranded-label	high	'2 , 0).' 19px outside touching the figure image
rejonowy_2023-2024_swietokrzyskie_q8_fig1.png	419aab80	stranded-label	high	'P' 19px outside touching the figure image
rejonowy_2023-2024_swietokrzyskie_q8_fig1.png	419aab80	stranded-label	high	'F' 19px outside touching the figure image
rejonowy_2023-2024_swietokrzyskie_q8_fig1.png	419aab80	stranded-label	high	'P' 92px outside touching the figure image
rejonowy_2023-2024_swietokrzyskie_q8_fig1.png	419aab80	stranded-label	high	'F' 92px outside touching the figure image
rejonowy_2023-2024_wielkopolskie_q7_fig1.png	bb8fb9d6	stranded-label	high	'25√3' 22px outside touching the figure image
rejonowy_2023-2024_wielkopolskie_q7_fig1.png	bb8fb9d6	stranded-label	high	'2' 42px outside touching the figure image
rejonowy_2024-2025_wielkopolskie_q13_fig1.png	b138aaa2	stranded-label	high	'2√3' 34px outside touching the figure image
rejonowy_2024-2025_wielkopolskie_q13_fig1.png	b138aaa2	stranded-label	high	'3' 53px outside touching the figure image
rejonowy_2024-2025_wielkopolskie_q13_fig1.png	b138aaa2	stranded-label	high	'6' 53px outside touching the figure image
rejonowy_2024_dolnoslaskie_q8_fig1.png	7c865f65	stranded-label	high	'5' 88px outside touching the figure image
rejonowy_2024_dolnoslaskie_q8_fig1.png	7c865f65	stranded-label	high	'6' 57px outside touching the figure image
rejonowy_2024_dolnoslaskie_q8_fig1.png	7c865f65	stranded-label	high	'3' 34px outside touching the figure image
rejonowy_2024_lodzkie_q4_fig1.png	80b56686	stranded-label	high	'2 x -1' 43px outside touching the figure image
rejonowy_2024_opolskie_q9_fig1.png	e31efcde	stranded-label	high	'3' 90px outside touching the figure image
rejonowy_2025_lodzkie_q1_fig1.png	d3431f5d	stranded-label	high	'4 π' 78px outside touching the figure image
rejonowy_2025_podkarpackie_q9_fig1.png	3aa10394	stranded-label	high	',' 8px outside touching the figure image
szkolny_2013-2014_malopolskie_q6_fig1.png	4eb8fe96	stranded-label	high	'str. 3/8' 71px outside touching the figure image
szkolny_2015_podlaskie_sp_q2_fig1.png	dd737740	stranded-label	high	'C.91°' 5px outside touching the figure image
szkolny_2016-2017_malopolskie_q2_fig1.png	9641f50d	stranded-label	high	'\uf0b0' 42px outside touching the figure image
szkolny_2016-2017_malopolskie_q2_fig1.png	9641f50d	stranded-label	high	'34' 37px outside touching the figure image
szkolny_2016-2017_malopolskie_q2_fig1.png	9641f50d	stranded-label	high	'\uf0b0' 37px outside touching the figure image
szkolny_2016-2017_malopolskie_q2_fig1.png	9641f50d	stranded-label	high	'100' 41px outside touching the figure image
szkolny_2016-2017_malopolskie_q2_fig1.png	9641f50d	stranded-label	high	'\uf0b0' 37px outside touching the figure image
szkolny_2016-2017_malopolskie_q2_fig1.png	9641f50d	stranded-label	high	'80' 41px outside touching the figure image
szkolny_2017-2018_malopolskie_q5_fig1.png	9d70e737	stranded-label	high	'\uf0b0' 67px outside touching the figure image
szkolny_2017-2018_malopolskie_q5_fig1.png	9d70e737	stranded-label	high	'120' 71px outside touching the figure image
szkolny_2017-2018_malopolskie_q5_fig1.png	9d70e737	stranded-label	high	'\uf0b0' 67px outside touching the figure image
szkolny_2017-2018_malopolskie_q5_fig1.png	9d70e737	stranded-label	high	'100' 71px outside touching the figure image
szkolny_2017-2018_malopolskie_q5_fig1.png	9d70e737	stranded-label	high	'\uf0b0' 67px outside touching the figure image
szkolny_2017-2018_malopolskie_q5_fig1.png	9d70e737	stranded-label	high	'80' 71px outside touching the figure image
szkolny_2018-2019_zachodniopomorskie_q2_fig1.png	368855a8	stranded-label	high	'E. 1' 3px outside touching the figure image
szkolny_2018_podlaskie_q4_fig1.png	4721339e	stranded-label	high	'𝑥' 95px outside touching the figure image
szkolny_2020-2021_pomorskie_q1_fig1.png	c1e769fd	stranded-label	high	'°' 37px outside touching the figure image
szkolny_2021_podkarpackie_q16_fig1.png	f8864577	stranded-label	high	'E. 242 cm2' 34px outside touching the figure image
szkolny_2024-2025_swietokrzyskie_q8_fig1.png	10ea92ed	stranded-label	high	'P' 85px outside touching the figure image
szkolny_2024-2025_swietokrzyskie_q8_fig1.png	10ea92ed	stranded-label	high	'F' 85px outside touching the figure image
szkolny_2024_dolnoslaskie_q3_fig1.png	365f192f	stranded-label	high	'𝒂' 19px outside touching the figure image
szkolny_2024_dolnoslaskie_q3_fig1.png	365f192f	stranded-label	high	'𝒂+𝒂' 53px outside touching the figure image
szkolny_2024_dolnoslaskie_q3_fig1.png	365f192f	stranded-label	high	'𝒂+𝒂+𝒂·' 57px outside touching the figure image
szkolny_2024_dolnoslaskie_q3_fig1.png	365f192f	stranded-label	high	'𝒂' 40px outside touching the figure image
szkolny_2024_dolnoslaskie_q3_fig1.png	365f192f	stranded-label	high	'𝒂+𝒂' 79px outside touching the figure image
szkolny_2025_dolnoslaskie_q12_fig1.png	d6fd39c2	stranded-label	high	'3' 83px outside touching the figure image
szkolny_2025_dolnoslaskie_q8_fig1.png	523474e4	stranded-label	high	'𝟏' 6px outside touching the figure image
szkolny_2025_dolnoslaskie_q8_fig1.png	523474e4	stranded-label	high	'𝒙−𝟎,𝟓 dla tej' 32px outside touching the figure image
szkolny_2025_podlaskie_q11_fig1.png	005b6ab7	stranded-label	high	'Odpowiedź: _________________________________________________________________' 81px outside touching the figure image
szkolny_2026_kujawsko-pomorskie_q16_fig1.png	b9238e6c	stranded-label	high	'P' 21px outside touching the figure image
szkolny_2026_kujawsko-pomorskie_q16_fig1.png	b9238e6c	stranded-label	high	'F' 21px outside touching the figure image
szkolny_2026_kujawsko-pomorskie_q16_fig1.png	b9238e6c	stranded-label	high	'P' 86px outside touching the figure image
szkolny_2026_kujawsko-pomorskie_q16_fig1.png	b9238e6c	stranded-label	high	'F' 86px outside touching the figure image
szkolny_2026_kujawsko-pomorskie_q17_fig1.png	491b9364	stranded-label	high	'P' 9px outside touching the figure image
szkolny_2026_kujawsko-pomorskie_q17_fig1.png	491b9364	stranded-label	high	'F' 9px outside touching the figure image
szkolny_2026_kujawsko-pomorskie_q17_fig1.png	491b9364	stranded-label	high	'P' 71px outside touching the figure image
szkolny_2026_kujawsko-pomorskie_q17_fig1.png	491b9364	stranded-label	high	'F' 71px outside touching the figure image
szkolny_2026_lubelskie_q15_fig1.png	62cfd5ed	stranded-label	high	'Kąt ∝ma miarę………………………………………………stopni.' 76px outside touching the figure image
szkolny_2026_podkarpackie_q8_fig1.png	e5db2a48	stranded-label	high	'mają' 25px outside touching the figure image
wojewodzki_2011-2012_warminsko-mazurskie_q5_fig1.png	69902157	stranded-label	high	'równy?' 1px outside touching the figure image
wojewodzki_2014-2015_malopolskie_q7_fig1.png	e2d1d201	stranded-label	high	'\uf062' 96px outside touching the figure image
wojewodzki_2014-2015_malopolskie_q7_fig1.png	e2d1d201	stranded-label	high	'\uf061\uf03d' 96px outside touching the figure image
wojewodzki_2014-2015_malopolskie_q7_fig1.png	e2d1d201	stranded-label	high	'\uf062' 97px outside touching the figure image
wojewodzki_2014-2015_malopolskie_q7_fig1.png	e2d1d201	stranded-label	high	'\uf061' 97px outside touching the figure image
wojewodzki_2014-2015_malopolskie_q7_fig1.png	e2d1d201	stranded-label	high	'3' 81px outside touching the figure image
wojewodzki_2014-2015_malopolskie_q7_fig1.png	e2d1d201	stranded-label	high	'\uf03d' 97px outside touching the figure image
wojewodzki_2016-2017_slaskie_q15_fig1.png	ea50dbd3	stranded-label	high	'I.' 38px outside touching the figure image
wojewodzki_2018-2019_zachodniopomorskie_q17_fig1.png	574842ba	stranded-label	high	'CE' 26px outside touching the figure image
wojewodzki_2018-2019_zachodniopomorskie_q17_fig1.png	574842ba	stranded-label	high	'AE \uf03d' 22px outside touching the figure image
wojewodzki_2018-2019_zachodniopomorskie_q17_fig1.png	574842ba	stranded-label	high	'oraz' 26px outside touching the figure image
wojewodzki_2019_lubuskie_q14_fig1.png	2f63dbdf	stranded-label	high	'd) 3,2·10 m3' 78px outside touching the figure image
wojewodzki_2019_podkarpackie_q10_fig1.png	8e9f6ae3	stranded-label	high	'Wskaż zdanie fałszywe.' 0px outside touching the figure image
wojewodzki_2020-2021_swietokrzyskie_q15_fig1.png	03a4b764	stranded-label	high	'oraz EH=' 61px outside touching the figure image
wojewodzki_2020_podlaskie_q9_fig1.png	ce44b5a7	stranded-label	high	'5' 97px outside touching the figure image
wojewodzki_2020_podlaskie_q9_fig1.png	ce44b5a7	stranded-label	high	'1' 97px outside touching the figure image
wojewodzki_2021_lubuskie_q14_fig1.png	11b6851c	stranded-label	high	'2' 95px outside touching the figure image
wojewodzki_2021_lubuskie_q17_fig1.png	441226fc	stranded-label	high	'1' 25px outside touching the figure image
wojewodzki_2021_lubuskie_q19_fig1.png	90bbba67	stranded-label	high	'√3  jest równy' 20px outside touching the figure image
wojewodzki_2021_podlaskie_q9_fig1.png	84cdc834	stranded-label	high	'3 𝑘2𝐻' 0px outside touching the figure image
wojewodzki_2022-2023_malopolskie_q6_fig1.png	3919759f	stranded-label	high	'2' 62px outside touching the figure image
wojewodzki_2023-2024_malopolskie_q10_fig1.png	a43139ce	stranded-label	high	'E. 24' 30px outside touching the figure image
wojewodzki_2023-2024_wielkopolskie_q14_fig1.png	975b707c	stranded-label	high	'9' 16px outside touching the figure image
wojewodzki_2023-2024_wielkopolskie_q14_fig1.png	975b707c	stranded-label	high	'π' 35px outside touching the figure image
wojewodzki_2023_kujawsko-pomorskie_q5_fig1.png	429923a1	stranded-label	high	'h.' 94px outside touching the figure image
wojewodzki_2024-2025_malopolskie_q14_fig1.png	0b6e61ad	stranded-label	high	'Odpowiedź: ………………………..' 89px outside touching the figure image
wojewodzki_2024-2025_slaskie_q13_fig1.png	ab298853	stranded-label	high	'I.' 94px outside touching the figure image
wojewodzki_2024_opolskie_q11_fig1.png	24966472	stranded-label	high	'Powodzenia!' 93px outside touching the figure image
wojewodzki_2025_podkarpackie_q7_fig1.png	43453553	stranded-label	high	'ma' 0px outside touching the figure image
wojewodzki_2025_podkarpackie_q7_fig1.png	43453553	stranded-label	high	'AB CD' 7px outside touching the figure image
wojewodzki_2026_mazowieckie_q2_fig1.png	803a9d40	stranded-label	high	'P' 89px outside touching the figure image
wojewodzki_2026_mazowieckie_q2_fig1.png	803a9d40	stranded-label	high	'F' 89px outside touching the figure image
wojewodzki_2026_podkarpackie_q1_fig1.png	4f4d4a34	stranded-label	high	'167' 0px outside touching the figure image
wojewodzki_2026_podkarpackie_q1_fig1.png	4f4d4a34	stranded-label	high	'Miejsce na odpowiedź:' 60px outside touching the figure image
rejonowy_2010_podkarpackie_gim_q7_fig1.png	8b278cd8	image-clipped	med	126px edge sliver outside the box
rejonowy_2020-2021_slaskie_q6_fig1.png	3bd325d2	image-clipped	med	76px edge sliver outside the box
szkolny_2015_podlaskie_gim_q18_fig1.png	cc9e5cd8	image-clipped	med	72px edge sliver outside the box
szkolny_2025-2026_pomorskie_q10_fig1.png	80d6ed38	image-clipped	med	35px edge sliver outside the box
szkolny_2025_podlaskie_q11_fig1.png	005b6ab7	image-clipped	med	192px edge sliver outside the box
wojewodzki_2017-2018_pomorskie_q5_fig1.png	abd2da1a	image-clipped	med	176px edge sliver outside the box
wojewodzki_2017-2018_pomorskie_q8_fig1.png	d3443909	image-clipped	med	121px edge sliver outside the box
wojewodzki_2019_lubuskie_q19_fig1.png	8379963a	image-clipped	med	69px edge sliver outside the box
wojewodzki_2020_kujawsko-pomorskie_q5_fig1.png	37a0d3d6	image-clipped	med	110px edge sliver outside the box
wojewodzki_2020_podlaskie_q23_fig1.png	b3c3387d	image-clipped	med	33px edge sliver outside the box
wojewodzki_2020_podlaskie_q26_fig1.png	d6374c58	image-clipped	med	54px edge sliver outside the box
wojewodzki_2021-2022_malopolskie_q16_fig1.png	7bc3806f	image-clipped	med	76px edge sliver outside the box
wojewodzki_2022-2023_malopolskie_q6_fig1.png	3919759f	image-clipped	med	48px edge sliver outside the box
wojewodzki_2022_lubuskie_q17_fig1.png	0965843e	image-clipped	med	96px edge sliver outside the box
wojewodzki_2023_podlaskie_q14_fig1.png	a0658fc3	image-clipped	med	46px edge sliver outside the box
rejonowy_2010_podkarpackie_gim_q1_fig1.png	425fcbf9	prose-inside	med	'X = X4 ,'
rejonowy_2010_podkarpackie_gim_q1_fig1.png	425fcbf9	prose-inside	med	'y = x + y'
rejonowy_2011-2012_slaskie_q14_fig1.png	bd02f905	prose-inside	med	'1                  2                             3          '
rejonowy_2012-2013_malopolskie_q4_fig1.png	19f19977	prose-inside	med	'matematyka'
rejonowy_2012-2013_malopolskie_q4_fig1.png	19f19977	prose-inside	med	'język polski'
rejonowy_2012-2013_malopolskie_q4_fig1.png	19f19977	prose-inside	med	'przyroda'
rejonowy_2020-2021_pomorskie_q6_fig1.png	2878c143	prose-inside	med	'Pojemnik nr 2'
rejonowy_2020-2021_slaskie_q2_fig1.png	ab4e4f28	prose-inside	med	'Wyniki tego samego badania może przedstawiać także wykres:'
rejonowy_2020_dolnoslaskie_q12_fig1.png	f31c3466	prose-inside	med	'8 * 7 *'
rejonowy_2020_dolnoslaskie_q12_fig1.png	f31c3466	prose-inside	med	'+ 9 * 9'
rejonowy_2020_dolnoslaskie_q12_fig1.png	f31c3466	prose-inside	med	'* 7 * * *'
rejonowy_2020_podkarpackie_q9_fig1.png	3194e011	prose-inside	med	'Kwadrat 1.                     Kwadrat 2.                   '
rejonowy_2021_lodzkie_q4_fig1.png	c6dd7735	prose-inside	med	'A                          B           C                    '
rejonowy_2024_dolnoslaskie_q14_fig1.png	5dca7891	prose-inside	med	'liczba b'
rejonowy_2025-2026_pomorskie_q8_fig1.png	daed5883	prose-inside	med	'Stefan Banach'
rejonowy_2025-2026_pomorskie_q8_fig1.png	daed5883	prose-inside	med	'Zofia Krygows'
szkolny_2019_podkarpackie_q16_fig1.png	79280828	prose-inside	med	'Figura 1.                    Figura 2.                      '
szkolny_2021_dolnoslaskie_q14_fig1.png	d8c4acc4	prose-inside	med	'Rysunek 1.'
szkolny_2023_lodzkie_q12_fig1.png	18d97a5b	prose-inside	med	'8a - 25 osób'
szkolny_2023_lodzkie_q12_fig1.png	18d97a5b	prose-inside	med	'siatkówka'
szkolny_2023_lodzkie_q12_fig1.png	18d97a5b	prose-inside	med	'piłka nożna'
szkolny_2025_dolnoslaskie_q10_fig1.png	61b8f9df	prose-inside	med	'z = 21 cm'
szkolny_2025_dolnoslaskie_q10_fig1.png	61b8f9df	prose-inside	med	'y = 39 cm'
szkolny_2025_dolnoslaskie_q14_fig1.png	e3dc2b8a	prose-inside	med	'B 9 A 7'
szkolny_2025_dolnoslaskie_q14_fig1.png	e3dc2b8a	prose-inside	med	'D C 6 2'
wojewodzki_2011_podkarpackie_q21_fig1.png	3e1489ad	prose-inside	med	'skład procentowy powietrza'
wojewodzki_2011_podkarpackie_q21_fig1.png	3e1489ad	prose-inside	med	'inne gazy'
wojewodzki_2011_podkarpackie_q5_fig1.png	c44f590e	prose-inside	med	'znaczki polskie'
wojewodzki_2015_podlaskie_sp_q20_fig1.png	6c325a39	prose-inside	med	'Ile czasu poświęcasz dziennie na korzystanie z Internetu?'
wojewodzki_2016_podlaskie_q18_fig1.png	4fb0030c	prose-inside	med	'lubię lody z bitą śmietaną'
wojewodzki_2016_podlaskie_q18_fig1.png	4fb0030c	prose-inside	med	'lubię lody z owocami'
wojewodzki_2016_podlaskie_q18_fig1.png	4fb0030c	prose-inside	med	'nie lubię ani lodów z bitą śmietaną,'
wojewodzki_2016_podlaskie_q18_fig1.png	4fb0030c	prose-inside	med	'ani z owocami'
wojewodzki_2019-2020_wielkopolskie_q24_fig1.png	ee037698	prose-inside	med	'Ogniem i mieczem'
wojewodzki_2019-2020_wielkopolskie_q24_fig1.png	ee037698	prose-inside	med	'Ogniem i mieczem'
wojewodzki_2019-2020_wielkopolskie_q24_fig1.png	ee037698	prose-inside	med	'Pan Wołodyjowski'
wojewodzki_2022-2023_swietokrzyskie_q13_fig1.png	93a7b1fb	prose-inside	med	'rys. 1                                                      '
wojewodzki_2022-2023_warminsko-mazurskie_q15_fig1.png	d3fe7688	prose-inside	med	'Masa aronii w kg'
wojewodzki_2024_dolnoslaskie_q2_fig1.png	6a98fcb2	prose-inside	med	'Czwartek'
wojewodzki_2024_lubelskie_q11_fig1.png	33b5c01e	prose-inside	med	'𝐴                             𝐵            𝐶                '
wojewodzki_2025_mazowieckie_q3_fig1.png	047b79e2	prose-inside	med	'Prezent dla mamy                                Prezent dla '
wojewodzki_2025_podlaskie_q17_fig1.png	39a04706	prose-inside	med	'w stosunku do zatrudnienia ogółem'
rejonowy_2010_podkarpackie_gim_q1_fig1.png	425fcbf9	stranded-label	med	'Oblicz:' 0px outside
rejonowy_2010_podkarpackie_gim_q3_fig1.png	fc49efe8	stranded-label	med	'⎟⎟' 85px outside
rejonowy_2010_podkarpackie_gim_q3_fig1.png	fc49efe8	stranded-label	med	'⎠' 63px outside
rejonowy_2010_podkarpackie_gim_q3_fig1.png	fc49efe8	stranded-label	med	'⎜⎜' 85px outside
rejonowy_2010_podkarpackie_gim_q3_fig1.png	fc49efe8	stranded-label	med	'⎝' 64px outside
rejonowy_2012-2013_malopolskie_q3_fig1.png	dbfcf885	stranded-label	med	'\uf0f8' 92px outside
rejonowy_2012-2013_malopolskie_q3_fig1.png	dbfcf885	stranded-label	med	'\uf0e8' 92px outside
rejonowy_2012-2013_malopolskie_q3_fig1.png	dbfcf885	stranded-label	med	'\uf0e6\uf02d14' 96px outside
rejonowy_2012-2013_malopolskie_q3_fig1.png	dbfcf885	stranded-label	med	'\uf0e8' 92px outside
rejonowy_2012-2013_malopolskie_q3_fig1.png	dbfcf885	stranded-label	med	'\uf0e6\uf02d14' 96px outside
rejonowy_2012-2013_malopolskie_q4_fig1.png	19f19977	stranded-label	med	'Wybierz zdanie fałszywe:' 0px outside
rejonowy_2012-2013_slaskie_q17_fig1.png	20416ca7	stranded-label	med	'Państwo' 49px outside
rejonowy_2012_podkarpackie_q16_fig1.png	742d18c7	stranded-label	med	'D: 60 cm' 69px outside
rejonowy_2012_podkarpackie_q18_fig1.png	8444077b	stranded-label	med	'D:' 29px outside
rejonowy_2014-2015_malopolskie_q13_fig1.png	2535c3eb	stranded-label	med	'cm ?' 59px outside
rejonowy_2015_podlaskie_gim_q18_fig1.png	f0fee137	stranded-label	med	'3 z 7' 28px outside
rejonowy_2017_podkarpackie_q13_fig1.png	9fbe9439	stranded-label	med	'P' 93px outside
rejonowy_2017_podkarpackie_q13_fig1.png	9fbe9439	stranded-label	med	'F' 93px outside
rejonowy_2017_podlaskie_q21_fig1.png	72065534	stranded-label	med	'trapezu' 14px outside
rejonowy_2019-2020_slaskie_q1_fig1.png	6bd8c642	stranded-label	med	'e) Wynik działania' 21px outside
rejonowy_2019-2020_slaskie_q1_fig1.png	6bd8c642	stranded-label	med	'g)' 21px outside
rejonowy_2019-2020_slaskie_q1_fig1.png	6bd8c642	stranded-label	med	'16  liczby 64.' 74px outside
rejonowy_2019-2020_slaskie_q1_fig1.png	6bd8c642	stranded-label	med	'\uf028' 74px outside
rejonowy_2019-2020_slaskie_q1_fig1.png	6bd8c642	stranded-label	med	'x' 90px outside
rejonowy_2019_lubuskie_q26_fig1.png	90d565c5	stranded-label	med	'b)  5π' 78px outside
rejonowy_2020-2021_slaskie_q14_fig1.png	1371c2e4	stranded-label	med	'są' 36px outside
rejonowy_2020-2021_slaskie_q1_fig1.png	091ae586	stranded-label	med	'a \uf03d' 81px outside
rejonowy_2020-2021_slaskie_q1_fig1.png	091ae586	stranded-label	med	'j)' 26px outside
rejonowy_2020-2021_slaskie_q1_fig1.png	091ae586	stranded-label	med	'729  liczby 66.' 83px outside
rejonowy_2020-2021_slaskie_q1_fig1.png	091ae586	stranded-label	med	'\uf028' 80px outside
rejonowy_2020-2021_slaskie_q1_fig1.png	091ae586	stranded-label	med	'x' 96px outside
rejonowy_2020_dolnoslaskie_q9_fig1.png	bf602843	stranded-label	med	'WPISZ SWÓJ KOD' 38px outside
rejonowy_2020_lubuskie_q23_fig1.png	25e39cd7	stranded-label	med	'a) 11,25' 29px outside
rejonowy_2020_lubuskie_q23_fig1.png	25e39cd7	stranded-label	med	'b) 11' 29px outside
rejonowy_2020_podlaskie_q19_fig1.png	dafd3a3b	stranded-label	med	':' 43px outside
rejonowy_2020_podlaskie_q19_fig1.png	dafd3a3b	stranded-label	med	'108' 47px outside
rejonowy_2020_podlaskie_q5_fig1.png	4303a3dd	stranded-label	med	'F' 31px outside
rejonowy_2021-2022_malopolskie_q12_fig1.png	61854ca3	stranded-label	med	'tego' 0px outside
rejonowy_2021-2022_malopolskie_q16_fig1.png	c649e986	stranded-label	med	'10p' 90px outside
rejonowy_2021-2022_slaskie_q1_fig1.png	f9224bcd	stranded-label	med	'1)' 17px outside
rejonowy_2021-2022_slaskie_q1_fig1.png	f9224bcd	stranded-label	med	'2)' 17px outside
rejonowy_2021-2022_slaskie_q1_fig1.png	f9224bcd	stranded-label	med	'3)' 17px outside
rejonowy_2021-2022_slaskie_q1_fig1.png	f9224bcd	stranded-label	med	'4)' 17px outside
rejonowy_2021-2022_slaskie_q1_fig1.png	f9224bcd	stranded-label	med	'równania: \uf028' 81px outside
rejonowy_2021-2022_slaskie_q1_fig1.png	f9224bcd	stranded-label	med	'5)' 17px outside
rejonowy_2021-2022_slaskie_q1_fig1.png	f9224bcd	stranded-label	med	'6)' 17px outside
rejonowy_2021-2022_slaskie_q1_fig1.png	f9224bcd	stranded-label	med	'7)' 17px outside
rejonowy_2021-2022_slaskie_q1_fig1.png	f9224bcd	stranded-label	med	'8)' 17px outside
rejonowy_2021-2022_slaskie_q1_fig1.png	f9224bcd	stranded-label	med	'9)' 17px outside
rejonowy_2021-2022_slaskie_q1_fig1.png	f9224bcd	stranded-label	med	'10) NWW(15, 42).' 9px outside
rejonowy_2021_podkarpackie_q13_fig1.png	ee3a2ace	stranded-label	med	'F' 63px outside
rejonowy_2021_podkarpackie_q13_fig1.png	ee3a2ace	stranded-label	med	'F' 63px outside
rejonowy_2021_podkarpackie_q13_fig1.png	ee3a2ace	stranded-label	med	'F' 63px outside
rejonowy_2021_podkarpackie_q13_fig1.png	ee3a2ace	stranded-label	med	'F' 63px outside
rejonowy_2022-2023_malopolskie_q16_fig1.png	669ca78c	stranded-label	med	'(patrz' 11px outside
rejonowy_2022-2023_slaskie_q1_fig1.png	eac2455f	stranded-label	med	'r) NWD(462, 1820)' 56px outside
rejonowy_2022_dolnoslaskie_q12_fig1.png	925795f3	stranded-label	med	'(patrz' 93px outside
rejonowy_2023-2024_slaskie_q1_fig1.png	eba7e119	stranded-label	med	'a) NWW(30, 105)' 35px outside
rejonowy_2023_kujawsko-pomorskie_q11_fig1.png	39f8ab0d	stranded-label	med	'rę:' 22px outside
rejonowy_2024-2025_slaskie_q1_fig1.png	cbda9d6e	stranded-label	med	'c) Wartość 𝑁𝑊𝐷(27,144)' 38px outside
rejonowy_2024_dolnoslaskie_q8_fig1.png	7c865f65	stranded-label	med	'KOD ________________' 12px outside
rejonowy_2024_dolnoslaskie_q9_fig1.png	f3f9a00e	stranded-label	med	'T' 82px outside
rejonowy_2024_dolnoslaskie_q9_fig1.png	f3f9a00e	stranded-label	med	'T' 92px outside
rejonowy_2024_lodzkie_q5_fig1.png	86d8dd9b	stranded-label	med	'oblicz x.' 42px outside
rejonowy_2025-2026_pomorskie_q8_fig1.png	daed5883	stranded-label	med	'enia i śmierci.' 11px outside
rejonowy_2025-2026_wielkopolskie_q10_fig1.png	86e3f622	stranded-label	med	'działaniach arytmetycznych.' 48px outside
rejonowy_2025_lodzkie_q1_fig1.png	d3431f5d	stranded-label	med	'\uf0b7' 78px outside
rejonowy_2025_mazowieckie_q5_fig1.png	15913d5a	stranded-label	med	'o' 13px outside
rejonowy_2025_mazowieckie_q5_fig1.png	15913d5a	stranded-label	med	'trójkąt' 12px outside
rejonowy_2025_podkarpackie_q5_fig1.png	d3cb6c0a	stranded-label	med	'BC' 32px outside
rejonowy_2025_podkarpackie_q9_fig1.png	3aa10394	stranded-label	med	'6cm' 30px outside
rejonowy_2026_dolnoslaskie_q2_fig1.png	9943cace	stranded-label	med	'boku.' 16px outside
rejonowy_2026_podkarpackie_q3_fig1.png	4aa16233	stranded-label	med	'ma miarę ……………………' 45px outside
szkolny_2010-2011_slaskie_q15_fig1.png	ff62bcd2	stranded-label	med	'KLMN' 97px outside
szkolny_2010-2011_slaskie_q15_fig1.png	ff62bcd2	stranded-label	med	'KM,' 97px outside
szkolny_2013-2014_malopolskie_q6_fig1.png	4eb8fe96	stranded-label	med	'figury:' 12px outside
szkolny_2016_podlaskie_q21_fig1.png	49ae7cc1	stranded-label	med	'Odpowiedź:……………………………………………………………………………………' 36px outside
szkolny_2017-2018_malopolskie_q16_fig1.png	446b810d	stranded-label	med	'm  asfaltu.' 28px outside
szkolny_2018-2019_zachodniopomorskie_q11_fig1.png	cdfb9fcf	stranded-label	med	'E.' 23px outside
szkolny_2018-2019_zachodniopomorskie_q11_fig1.png	cdfb9fcf	stranded-label	med	'o' 41px outside
szkolny_2018-2019_zachodniopomorskie_q11_fig1.png	cdfb9fcf	stranded-label	med	'E. 4' 3px outside
szkolny_2018_podkarpackie_q18_fig1.png	82478eca	stranded-label	med	'cm' 4px outside
szkolny_2019-2020_swietokrzyskie_q15_fig1.png	05009055	stranded-label	med	'oraz' 14px outside
szkolny_2019_mazowieckie_q7_fig1.png	866a6ea4	stranded-label	med	'4  powierzchni rombu.' 64px outside
szkolny_2019_mazowieckie_q7_fig1.png	866a6ea4	stranded-label	med	'3  powierzchni' 64px outside
szkolny_2019_podlaskie_q16_fig1.png	d341a8c1	stranded-label	med	'cm' 93px outside
szkolny_2019_podlaskie_q16_fig1.png	d341a8c1	stranded-label	med	'cm' 89px outside
szkolny_2020-2021_pomorskie_q1_fig1.png	c1e769fd	stranded-label	med	'°,α ,35' 80px outside
szkolny_2020-2021_pomorskie_q1_fig1.png	c1e769fd	stranded-label	med	'°,α.' 18px outside
szkolny_2020-2021_pomorskie_q1_fig1.png	c1e769fd	stranded-label	med	'°' 47px outside
szkolny_2020_dolnoslaskie_q10_fig1.png	d4c70b36	stranded-label	med	'x,' 20px outside
szkolny_2020_dolnoslaskie_q10_fig1.png	d4c70b36	stranded-label	med	'y,' 76px outside
szkolny_2020_dolnoslaskie_q23_fig1.png	8c878ac6	stranded-label	med	'jest równa …………………stopni.' 11px outside
szkolny_2020_podlaskie_q13_fig1.png	23cfd749	stranded-label	med	'\uf03d' 81px outside
szkolny_2021-2022_pomorskie_q3_fig1.png	0ba21245	stranded-label	med	'Imię i nazwisko…………………………………………………………….' 37px outside
szkolny_2021-2022_pomorskie_q4_fig1.png	b0b1b132	stranded-label	med	'Imię i nazwisko…………………………………………………………….' 73px outside
szkolny_2021-2022_wielkopolskie_q18_fig1.png	35f2a6d5	stranded-label	med	'Rys.' 22px outside
szkolny_2022-2023_malopolskie_q10_fig1.png	41df0ace	stranded-label	med	'otrzymując pięciokąt ABCED.' 59px outside
szkolny_2022-2023_swietokrzyskie_q10_fig1.png	3fe349b4	stranded-label	med	'każdą' 0px outside
szkolny_2022_dolnoslaskie_q19_fig1.png	4cfa27ac	stranded-label	med	'i' 12px outside
szkolny_2022_dolnoslaskie_q19_fig1.png	4cfa27ac	stranded-label	med	'. Kąt' 12px outside
szkolny_2023-2024_zachodniopomorskie_q11_fig1.png	e2420d61	stranded-label	med	'𝑆 + 𝑎' 93px outside
szkolny_2023-2024_zachodniopomorskie_q11_fig1.png	e2420d61	stranded-label	med	'𝑆 − 𝑘' 57px outside
szkolny_2023-2024_zachodniopomorskie_q11_fig1.png	e2420d61	stranded-label	med	'𝑆(1 − 𝑎)' 93px outside
szkolny_2023-2024_zachodniopomorskie_q11_fig1.png	e2420d61	stranded-label	med	'1 − 𝑘' 57px outside
szkolny_2023_podlaskie_q5_fig1.png	3824057b	stranded-label	med	'2 z 8' 41px outside
szkolny_2024-2025_malopolskie_q6_fig1.png	ad68ccb5	stranded-label	med	',' 73px outside
szkolny_2024-2025_malopolskie_q6_fig1.png	ad68ccb5	stranded-label	med	'𝐴𝐵𝐶' 81px outside
szkolny_2024-2025_malopolskie_q7_fig1.png	241c6b6a	stranded-label	med	'𝐴                                                             𝐵' 45px outside
szkolny_2024-2025_malopolskie_q7_fig1.png	241c6b6a	stranded-label	med	'𝑥+ 1' 0px outside
szkolny_2024_mazowieckie_q5_fig1.png	01c67824	stranded-label	med	'całej' 0px outside
szkolny_2024_podlaskie_q1_fig1.png	e451a641	stranded-label	med	'ଵଶ' 32px outside
szkolny_2024_podlaskie_q1_fig1.png	e451a641	stranded-label	med	'ହ?' 0px outside
szkolny_2024_podlaskie_q5_fig1.png	3344d087	stranded-label	med	'ଵସ' 97px outside
szkolny_2024_podlaskie_q5_fig1.png	3344d087	stranded-label	med	'ଵ\u0b34ହ' 61px outside
szkolny_2024_podlaskie_q5_fig1.png	3344d087	stranded-label	med	'ଵ' 88px outside
szkolny_2024_podlaskie_q5_fig1.png	3344d087	stranded-label	med	'ହ+' 54px outside
szkolny_2024_podlaskie_q5_fig1.png	3344d087	stranded-label	med	'\u0b3a' 88px outside
szkolny_2024_podlaskie_q5_fig1.png	3344d087	stranded-label	med	'ଵହ' 54px outside
szkolny_2025-2026_wielkopolskie_q10_fig1.png	707a888d	stranded-label	med	'wynosi:' 96px outside
szkolny_2025_lodzkie_q6_fig2.png	de92df76	stranded-label	med	'~' 51px outside
szkolny_2025_lodzkie_q6_fig2.png	de92df76	stranded-label	med	'T 3.' 32px outside
szkolny_2026_dolnoslaskie_q15_fig1.png	307e8528	stranded-label	med	'𝟐,  𝟐' 58px outside
szkolny_2026_dolnoslaskie_q7_fig1.png	4792232d	stranded-label	med	'kwadrat' 68px outside
szkolny_2026_dolnoslaskie_q7_fig1.png	4792232d	stranded-label	med	'𝑷' 8px outside
szkolny_2026_kujawsko-pomorskie_q13_fig1.png	f3461a10	stranded-label	med	'oraz' 72px outside
szkolny_2026_kujawsko-pomorskie_q13_fig1.png	f3461a10	stranded-label	med	'kąty' 95px outside
szkolny_2026_podkarpackie_q5_fig1.png	29701ebc	stranded-label	med	'mają' 6px outside
szkolny_2026_podkarpackie_q5_fig1.png	29701ebc	stranded-label	med	', przy' 6px outside
szkolny_2026_podkarpackie_q5_fig1.png	29701ebc	stranded-label	med	'ABC' 23px outside
szkolny_2026_podkarpackie_q5_fig1.png	29701ebc	stranded-label	med	'D E' 14px outside
szkolny_2026_podkarpackie_q5_fig1.png	29701ebc	stranded-label	med	'L' 88px outside
szkolny_2026_podkarpackie_q8_fig1.png	e5db2a48	stranded-label	med	'i ￼' 98px outside
szkolny_2026_podkarpackie_q8_fig1.png	e5db2a48	stranded-label	med	'5cm' 44px outside
szkolny_2026_podkarpackie_q8_fig1.png	e5db2a48	stranded-label	med	'AJ' 48px outside
wojewodzki_2010-2011_slaskie_q2_fig2.png	eb461028	stranded-label	med	'naleŜy przycisnąć' 14px outside
wojewodzki_2011_podkarpackie_q5_fig1.png	c44f590e	stranded-label	med	'diagram' 46px outside
wojewodzki_2011_podkarpackie_q5_fig1.png	c44f590e	stranded-label	med	'jaki' 46px outside
wojewodzki_2011_podkarpackie_q5_fig1.png	c44f590e	stranded-label	med	'procent' 46px outside
wojewodzki_2011_podkarpackie_q5_fig1.png	c44f590e	stranded-label	med	'całej' 46px outside
wojewodzki_2012_podlaskie_sp_q9_fig1.png	07e8286f	stranded-label	med	'Odpowiedź:' 81px outside
wojewodzki_2012_podlaskie_sp_q9_fig1.png	07e8286f	stranded-label	med	'1m' 0px outside
wojewodzki_2013_podlaskie_gim_q8_fig1.png	e4987214	stranded-label	med	'−' 62px outside
wojewodzki_2013_podlaskie_gim_q8_fig1.png	e4987214	stranded-label	med	'x' 87px outside
wojewodzki_2015_podkarpackie_q21_fig1.png	d15cd8dc	stranded-label	med	'pudełko' 87px outside
wojewodzki_2015_podkarpackie_q5_fig1.png	72cd2077	stranded-label	med	'h                                   B.' 84px outside
wojewodzki_2015_podlaskie_sp_q23_fig1.png	eb9d5adf	stranded-label	med	'ź.)' 21px outside
wojewodzki_2016_podlaskie_q3_fig1.png	11b6e6a8	stranded-label	med	'Rys. pomocniczy' 32px outside
wojewodzki_2017-2018_zachodniopomorskie_q6_fig1.png	6492e0fa	stranded-label	med	'części.' 18px outside
wojewodzki_2018-2019_slaskie_q1_fig1.png	44c3ad4c	stranded-label	med	'na minutę .' 0px outside
wojewodzki_2018-2019_zachodniopomorskie_q17_fig1.png	574842ba	stranded-label	med	'BC' 23px outside
wojewodzki_2018-2019_zachodniopomorskie_q17_fig1.png	574842ba	stranded-label	med	'AB \uf03d' 23px outside
wojewodzki_2018-2019_zachodniopomorskie_q19_fig1.png	5aec9449	stranded-label	med	'CE' 95px outside
wojewodzki_2018-2019_zachodniopomorskie_q19_fig1.png	5aec9449	stranded-label	med	'AE \uf03d' 95px outside
wojewodzki_2018-2019_zachodniopomorskie_q19_fig1.png	5aec9449	stranded-label	med	'oraz' 95px outside
wojewodzki_2019-2020_slaskie_q13_fig1.png	58d839e5	stranded-label	med	'\uf0a2\uf0a2\uf0a2' 18px outside
wojewodzki_2019-2020_wielkopolskie_q20_fig1.png	837be7a1	stranded-label	med	'równa:………..' 12px outside
wojewodzki_2019-2020_wielkopolskie_q26_fig1.png	09f3593f	stranded-label	med	'pod kątem 60°.' 14px outside
wojewodzki_2019_lubuskie_q14_fig1.png	2f63dbdf	stranded-label	med	'd) 7,50 zł' 18px outside
wojewodzki_2019_lubuskie_q18_fig1.png	d09fa5ef	stranded-label	med	'c) (5; 10)' 33px outside
wojewodzki_2019_lubuskie_q18_fig1.png	d09fa5ef	stranded-label	med	'd) (5; -4)' 33px outside
wojewodzki_2019_podlaskie_q12_fig1.png	a56c8e7d	stranded-label	med	'\uf03d' 98px outside
wojewodzki_2019_podlaskie_q12_fig1.png	a56c8e7d	stranded-label	med	',' 53px outside
wojewodzki_2019_podlaskie_q12_fig1.png	a56c8e7d	stranded-label	med	'AD' 0px outside
wojewodzki_2020-2021_malopolskie_q11_fig1.png	b6a13bee	stranded-label	med	'3p' 23px outside
wojewodzki_2020-2021_slaskie_q13_fig1.png	65ed19d7	stranded-label	med	'-' 15px outside
wojewodzki_2020-2021_slaskie_q1_fig1.png	72b2c476	stranded-label	med	'c) N' 42px outside
wojewodzki_2020-2021_slaskie_q1_fig1.png	72b2c476	stranded-label	med	'f)' 42px outside
wojewodzki_2020-2021_slaskie_q1_fig1.png	72b2c476	stranded-label	med	'g)' 42px outside
wojewodzki_2020-2021_slaskie_q1_fig1.png	72b2c476	stranded-label	med	'h)' 42px outside
wojewodzki_2020-2021_slaskie_q1_fig1.png	72b2c476	stranded-label	med	'i)' 42px outside
wojewodzki_2020-2021_slaskie_q1_fig1.png	72b2c476	stranded-label	med	'j)   1' 42px outside
wojewodzki_2020-2021_slaskie_q1_fig1.png	72b2c476	stranded-label	med	'k)' 42px outside
wojewodzki_2020-2021_slaskie_q1_fig1.png	72b2c476	stranded-label	med	'l)' 42px outside
wojewodzki_2020-2021_slaskie_q1_fig1.png	72b2c476	stranded-label	med	'm)' 42px outside
wojewodzki_2020-2021_slaskie_q1_fig1.png	72b2c476	stranded-label	med	'o)' 42px outside
wojewodzki_2020-2021_slaskie_q1_fig1.png	72b2c476	stranded-label	med	'p)' 42px outside
wojewodzki_2020-2021_slaskie_q1_fig1.png	72b2c476	stranded-label	med	'q)' 42px outside
wojewodzki_2020-2021_slaskie_q1_fig1.png	72b2c476	stranded-label	med	'r)' 42px outside
wojewodzki_2020-2021_slaskie_q1_fig1.png	72b2c476	stranded-label	med	's)' 42px outside
wojewodzki_2020-2021_slaskie_q1_fig1.png	72b2c476	stranded-label	med	't)' 42px outside
wojewodzki_2020-2021_slaskie_q1_fig1.png	72b2c476	stranded-label	med	'u)' 42px outside
wojewodzki_2020-2021_wielkopolskie_q24_fig1.png	98712b34	stranded-label	med	'pod kątem 60°.' 66px outside
wojewodzki_2020_mazowieckie_q8_fig1.png	c9ffed7d	stranded-label	med	'3 \uf02b' 35px outside
wojewodzki_2021_lubuskie_q19_fig1.png	90bbba67	stranded-label	med	'3+ √3' 10px outside
wojewodzki_2021_podlaskie_q2_fig1.png	533751fd	stranded-label	med	'2 𝑥−2) (' 95px outside
wojewodzki_2021_podlaskie_q2_fig1.png	533751fd	stranded-label	med	'2 𝑥−2)' 95px outside
wojewodzki_2021_podlaskie_q2_fig1.png	533751fd	stranded-label	med	'4 𝑥−2) (𝑥−2)' 35px outside
wojewodzki_2021_podlaskie_q9_fig1.png	84cdc834	stranded-label	med	'4 𝑘2𝐻' 33px outside
wojewodzki_2021_podlaskie_q9_fig1.png	84cdc834	stranded-label	med	'\uf070' 35px outside
wojewodzki_2022_lubuskie_q10_fig1.png	33fef160	stranded-label	med	'ściany' 31px outside
wojewodzki_2022_lubuskie_q20_fig1.png	56f3f378	stranded-label	med	'miejsca tabeli.' 79px outside
wojewodzki_2022_podlaskie_q19_fig1.png	1f297bf6	stranded-label	med	'2.' 64px outside
wojewodzki_2023-2024_malopolskie_q15_fig2.png	9343a0fd	stranded-label	med	'pięciu' 37px outside
wojewodzki_2023-2024_malopolskie_q9_fig1.png	08c2c45b	stranded-label	med	'E.  nieskończenie wiele' 67px outside
wojewodzki_2023-2024_slaskie_q1_fig1.png	90cee0dd	stranded-label	med	'Źródło rys.: https://www.geogebra.org/m/HYpeZXDU' 58px outside
wojewodzki_2023-2024_warminsko-mazurskie_q8_fig1.png	987867c0	stranded-label	med	'jest równa 384cm3.' 29px outside
wojewodzki_2023_lubuskie_q25_fig1.png	271771fe	stranded-label	med	'wybrany' 29px outside
wojewodzki_2023_lubuskie_q25_fig1.png	271771fe	stranded-label	med	'wynosi' 29px outside
wojewodzki_2023_mazowieckie_q8_fig1.png	a21eaa1f	stranded-label	med	'Rys. 1' 53px outside
wojewodzki_2023_mazowieckie_q8_fig2.png	a21eaa1f	stranded-label	med	'Rys. 2' 22px outside
wojewodzki_2024-2025_malopolskie_q14_fig2.png	0b6e61ad	stranded-label	med	'liczbę' 19px outside
wojewodzki_2024-2025_malopolskie_q14_fig2.png	0b6e61ad	stranded-label	med	'Odpowiedź: ……………………………................' 98px outside
wojewodzki_2024-2025_slaskie_q17_fig1.png	19a42c92	stranded-label	med	'boków' 0px outside
wojewodzki_2024-2025_slaskie_q17_fig1.png	19a42c92	stranded-label	med	'równe:' 5px outside
wojewodzki_2024-2025_slaskie_q18_fig1.png	0f913d46	stranded-label	med	'Zapisz' 7px outside
wojewodzki_2024_kujawsko-pomorskie_q11_fig1.png	37131c50	stranded-label	med	'A OŚWIATY' 53px outside
wojewodzki_2024_kujawsko-pomorskie_q12_fig1.png	a34842d7	stranded-label	med	'A OŚWIATY' 73px outside
wojewodzki_2024_lubelskie_q11_fig1.png	33b5c01e	stranded-label	med	'Wpisz tylko odpowiedź.' 13px outside
wojewodzki_2025-2026_slaskie_q17_fig1.png	ea22b32c	stranded-label	med	'punktem' 10px outside
wojewodzki_2025-2026_wielkopolskie_q16_fig1.png	65f8ba83	stranded-label	med	'|∢BCD|=|∢ADC|=600.' 13px outside
wojewodzki_2025_podkarpackie_q4_fig1.png	04ba989b	stranded-label	med	'AKLM' 32px outside
wojewodzki_2025_podkarpackie_q7_fig1.png	43453553	stranded-label	med	'i ￼' 54px outside
wojewodzki_2025_podkarpackie_q7_fig1.png	43453553	stranded-label	med	'AB' 95px outside
wojewodzki_2026_lubuskie_q10_fig1.png	2a0e80a5	stranded-label	med	'𝑎𝑒> 1                           D.' 36px outside
wojewodzki_2026_lubuskie_q10_fig1.png	2a0e80a5	stranded-label	med	'𝑎−𝑏+𝑐' 76px outside
wojewodzki_2026_lubuskie_q10_fig1.png	2a0e80a5	stranded-label	med	'𝑐−𝑑+𝑒> 0' 36px outside
wojewodzki_2026_podkarpackie_q1_fig1.png	4f4d4a34	stranded-label	med	'do ułożenia ￼' 4px outside
